name_of_restaurant,number_of_reviews,rating_overall,rating_recent,rating_food,rating_service,rating_ambience,noise_level,would_recommend,percent_five_star,percent_four_star,percent_three_star,percent_two_star,percent_one_star,loved_for,filters
Lazy Italian House,8,3.63,3.11,2.94,1.15,1.42,moderate,0,0.46,0.52,0.01,0.01,0.00,Great for families,drinks
Koi Farm Kong,22,1.29,3.21,2.54,2.68,1.27,moderate,0,0.65,0.25,0.01,0.06,0.01,Great for families,lunch
Moonlight Lim Club,16,0.24,0.99,4.51,3.51,0.74,energetic,0,0.33,0.58,0.05,0.00,0.02,Great night scene,drinks
Italian Lim Cannery,18,0.39,2.97,0.80,0.43,0.62,moderate,0,0.23,0.05,0.18,0.40,0.02,Great night scene,lunch
Foreign Pizza Garden,7,4.61,2.09,4.04,2.09,0.39,moderate,0,0.56,0.19,0.01,0.02,0.20,Great for catching up,brunch
Soul Lemon Sports Bar,16,1.86,1.40,4.39,3.39,1.31,do not recall,0,0.83,0.01,0.01,0.13,0.00,Great for catching up,lunch
Sushi King Eatery,12,1.43,4.41,0.01,1.92,1.60,energetic,0,0.47,0.08,0.21,0.02,0.12,Great for catching up,brunch
Lazy Eatery,21,3.52,2.78,3.46,0.22,4.26,do not recall,0,0.74,0.09,0.09,0.00,0.03,Great night scene,brunch
Mexican Green Table,4,4.60,0.02,3.80,3.20,1.97,do not recall,0,0.92,0.05,0.00,0.02,0.01,Great for brunch,lunch
Sweet Bento Bell,1,0.80,0.58,0.40,1.64,3.84,energetic,0,0.73,0.18,0.02,0.01,0.03,Great for brunch,live music
Thai Pizza Garden,6,3.71,4.92,3.58,1.55,4.38,do not recall,0,0.77,0.15,0.01,0.05,0.01,Great for couples,live music
Sushi Eatery,10,2.97,0.78,0.20,2.98,0.57,do not recall,0,0.93,0.07,0.00,0.00,0.00,Great for families,brunch
Fish Italian Bakery,5,1.03,2.39,2.75,3.05,2.97,quiet,0,0.29,0.09,0.37,0.23,0.02,Great night scene,live music
Rich Carousel Steak House,23,1.77,2.57,2.60,1.02,1.86,energetic,0,0.50,0.38,0.10,0.02,0.00,Great night scene,brunch
Old Pizza Kong,15,0.70,1.50,0.14,4.71,1.45,moderate,0,0.29,0.14,0.31,0.25,0.00,Great for catching up,brunch
Bob's Pizza Brewery,8,1.56,4.27,2.70,0.22,0.32,quiet,0,0.55,0.04,0.20,0.02,0.04,Great for families,drinks
Soul Country Bell,22,1.81,1.21,2.03,1.98,3.09,energetic,0,0.47,0.09,0.23,0.18,0.00,Great for couples,lunch
Common Italian Club,21,2.63,4.51,4.32,3.78,4.42,quiet,0,0.12,0.48,0.10,0.21,0.01,Great for catching up,dinner
La And Grill,9,2.90,0.95,1.83,2.97,0.07,moderate,0,0.11,0.01,0.20,0.47,0.11,Great night scene,brunch
French Mare And Grill,14,2.30,4.56,0.18,0.94,2.93,moderate,0,0.28,0.24,0.43,0.00,0.04,Great night scene,brunch
Del Lim Sports Bar,7,3.13,2.67,3.71,0.38,4.80,do not recall,0,0.32,0.07,0.39,0.19,0.01,Great for families,lunch
Soul Fish,22,1.18,3.08,2.22,0.83,4.89,energetic,0,0.42,0.52,0.05,0.00,0.01,Great for families,dinner
Burger Lemon And SeaFood,5,3.11,1.61,0.29,0.59,0.41,energetic,0,0.26,0.02,0.49,0.16,0.07,Great for brunch,brunch
Bob's King Bell,24,3.46,1.99,1.56,4.96,4.25,do not recall,0,0.11,0.15,0.37,0.34,0.01,Great for couples,drinks
Round Restaurant And Bar,16,2.47,0.22,0.37,0.90,4.47,moderate,0,0.30,0.21,0.32,0.17,0.00,Great for families,brunch
Clairs Carousel Restaurant And Bar,23,3.37,1.19,2.61,4.26,3.58,do not recall,0,0.34,0.12,0.06,0.45,0.00,Great for families,dinner
Great Cafe And Grill,10,0.06,3.84,3.14,2.69,1.17,quiet,0,0.15,0.04,0.73,0.04,0.01,Great for families,breakfast
Common Fine Bar,1,1.41,2.70,2.66,4.05,3.84,do not recall,0,0.53,0.01,0.14,0.17,0.02,Great for couples,breakfast
French Fine Chinnese,23,1.62,3.52,1.57,0.07,0.88,energetic,0,0.88,0.07,0.01,0.01,0.01,Great for catching up,breakfast
Teriyaki Food BBQ,16,0.45,0.12,1.20,0.25,0.32,moderate,0,0.40,0.27,0.28,0.05,0.00,Great for singles,brunch
Great Basil Light,21,1.09,2.22,0.80,2.59,2.52,moderate,0,0.40,0.51,0.00,0.06,0.02,Great for families,drinks
Eat Lemon Chili,8,1.52,1.47,0.19,1.86,1.23,do not recall,0,0.53,0.23,0.03,0.10,0.07,Great for singles,dinner
Great Indian Light,15,0.75,1.13,1.18,4.54,2.54,moderate,0,0.47,0.29,0.11,0.00,0.01,Great for catching up,dinner
Mexican Basil Panda,6,2.31,0.73,4.53,4.22,4.87,energetic,0,0.38,0.41,0.08,0.01,0.11,Great night scene,dinner
Bosco's Lim House,14,2.62,1.01,3.54,1.00,3.99,moderate,0,0.96,0.01,0.03,0.00,0.00,Great for catching up,dinner
Clairs Noodle And SeaFood,10,0.73,0.75,2.15,4.22,2.19,moderate,0,0.91,0.03,0.04,0.02,0.00,Great for families,live music
Bosco's Bakery,8,4.94,0.86,1.20,0.23,2.64,energetic,0,0.96,0.02,0.02,0.00,0.00,Great for singles,lunch
Round Farm Lounge,10,2.83,3.31,2.54,0.66,3.49,do not recall,0,0.43,0.34,0.07,0.11,0.02,Great for singles,lunch
Gourmet Olive Garden,2,3.79,3.57,4.48,0.81,1.05,moderate,0,0.42,0.12,0.37,0.05,0.03,Great night scene,dinner
Wood Basil And SeaFood,1,2.53,1.50,4.52,4.28,3.66,energetic,0,0.05,0.40,0.37,0.12,0.05,Great for catching up,brunch
Foreign Pizza Club,14,4.06,4.63,4.21,2.19,2.64,quiet,0,0.07,0.13,0.37,0.18,0.11,Great for families,drinks
Pho House Light,5,0.89,2.43,2.69,3.68,4.90,quiet,0,0.57,0.34,0.00,0.01,0.01,Great for couples,brunch
Californian Olive Chinnese,19,1.54,0.99,2.59,3.80,1.12,do not recall,0,0.79,0.01,0.09,0.07,0.01,Great for families,live music
Ramen Track Panda,23,3.93,0.71,4.50,2.29,1.46,moderate,0,0.79,0.02,0.02,0.03,0.09,Great for couples,drinks
Original House Pub,17,0.58,3.86,0.33,0.04,3.96,energetic,0,0.74,0.18,0.06,0.00,0.01,Great for catching up,breakfast
Gourmet Track Chili,20,1.87,1.63,1.86,3.38,1.93,quiet,0,0.40,0.13,0.15,0.05,0.12,Great night scene,dinner
Ramen Italian Chinnese,14,1.68,2.95,3.21,1.19,2.06,do not recall,0,0.85,0.13,0.01,0.01,0.00,Great for singles,lunch
Great BBQ,5,4.09,2.93,4.32,0.90,2.43,energetic,0,0.57,0.00,0.18,0.03,0.00,Great for singles,brunch
The Basil Cannery,24,2.13,2.37,4.76,4.50,2.28,energetic,0,0.64,0.10,0.08,0.08,0.05,Great night scene,dinner
Cafe Bento Garden,3,3.46,0.16,2.61,1.85,4.25,moderate,0,0.27,0.30,0.17,0.16,0.10,Great for singles,breakfast
Pier Noodle Pub,19,1.91,1.47,3.24,1.35,4.50,do not recall,0,0.06,0.10,0.49,0.33,0.00,Great for families,live music
The Pizza Chili,10,4.47,4.21,3.40,1.22,2.12,moderate,0,0.41,0.15,0.37,0.06,0.00,Great for couples,drinks
Bob's Kitchen,12,3.11,4.10,2.24,1.09,0.72,do not recall,0,0.89,0.06,0.05,0.00,0.00,Great night scene,brunch
Soul Chinnese,19,3.90,1.68,3.96,3.28,4.25,energetic,0,0.66,0.18,0.10,0.00,0.02,Great for brunch,breakfast
Wood Lemon Eatery,4,4.96,4.89,2.35,0.88,1.17,do not recall,0,0.50,0.18,0.04,0.15,0.05,Great night scene,lunch
Round King Eatery,20,2.27,4.74,0.89,2.61,4.17,do not recall,0,0.38,0.29,0.10,0.01,0.10,Great for singles,brunch
Wood Brew Pub,8,2.81,3.91,4.35,4.72,1.28,quiet,0,0.03,0.10,0.12,0.75,0.00,Great for singles,dinner
Burger Pizza Garden,21,1.55,2.85,3.92,4.55,4.32,quiet,0,0.16,0.77,0.01,0.01,0.04,Great for brunch,lunch
New Light,22,0.76,3.63,0.96,1.46,1.09,moderate,0,0.61,0.10,0.14,0.15,0.00,Great for singles,brunch
Thai Lim Cannery,4,1.95,3.35,4.18,1.03,1.98,do not recall,0,0.27,0.12,0.12,0.34,0.03,Great for couples,brunch
Sushi Club,23,3.14,0.96,4.52,2.98,0.79,do not recall,0,0.34,0.15,0.14,0.07,0.06,Great for families,breakfast
Burger Carousel Tacos,25,1.92,3.09,3.79,0.03,0.76,energetic,0,0.09,0.84,0.00,0.04,0.03,Great for singles,live music
Mexican Country Cafe,3,4.68,3.77,4.83,0.78,0.90,do not recall,0,0.25,0.07,0.60,0.01,0.06,Great night scene,lunch
Wood Green Panda,12,0.02,0.26,2.30,1.23,4.42,do not recall,0,0.62,0.35,0.02,0.01,0.00,Great for brunch,live music
Del Italian Table,4,2.88,2.70,0.91,0.81,1.42,energetic,0,0.70,0.12,0.17,0.00,0.00,Great for couples,breakfast
Sweet Lemon Cafe,15,2.91,0.39,2.00,2.58,0.17,quiet,0,0.42,0.25,0.08,0.16,0.02,Great for singles,dinner
Italian House Chinnese,24,3.10,0.69,0.16,2.74,0.21,quiet,0,0.97,0.02,0.00,0.00,0.00,Great for families,live music
Gava Fire Marketplace And Deli,22,1.11,0.20,1.78,0.86,0.87,moderate,0,0.88,0.07,0.00,0.02,0.03,Great night scene,drinks
Teriyaki Basil Bell,12,1.25,4.46,3.17,2.85,3.05,do not recall,0,0.46,0.26,0.13,0.12,0.00,Great for brunch,breakfast
Fish Country Pub,22,4.87,4.38,1.34,1.62,0.96,energetic,0,0.21,0.74,0.02,0.03,0.00,Great night scene,lunch
Burger Fine Eatery,22,2.83,2.99,3.68,2.75,4.63,do not recall,0,0.69,0.08,0.22,0.00,0.00,Great for families,breakfast
Sweet Italian Light,9,0.87,4.26,3.05,3.95,1.94,quiet,0,0.58,0.38,0.04,0.00,0.00,Great for families,dinner
Koi Plate Bell,15,3.18,1.11,2.21,4.13,0.31,moderate,0,0.91,0.02,0.05,0.00,0.01,Great for brunch,breakfast
French Fire Marketplace And Deli,3,3.52,1.65,4.68,3.14,0.85,energetic,0,0.29,0.26,0.33,0.06,0.02,Great for catching up,dinner
Great Food Marketplace And Deli,9,4.82,0.03,0.93,0.26,2.34,moderate,0,0.92,0.05,0.01,0.01,0.00,Great for couples,dinner
Wood Eatery,10,4.27,4.31,3.57,4.86,2.18,energetic,0,0.49,0.46,0.03,0.01,0.00,Great night scene,brunch
Royal Olive BBQ,8,4.80,2.04,2.42,1.98,1.94,quiet,0,0.27,0.64,0.09,0.00,0.00,Great for families,drinks
Gourmet Green Fish,3,3.22,0.74,3.62,3.67,1.61,quiet,0,0.76,0.11,0.05,0.03,0.01,Great for catching up,breakfast
New Plate Table,6,2.38,3.22,1.76,4.30,0.14,moderate,0,0.32,0.07,0.22,0.08,0.22,Great for singles,brunch
Soul Country Brewery,15,3.40,3.26,4.52,4.53,2.82,moderate,0,0.17,0.40,0.17,0.23,0.02,Great night scene,brunch
French Pizza Garden,12,3.27,0.82,2.98,4.72,2.26,quiet,0,0.65,0.02,0.08,0.20,0.00,Great for singles,dinner
Clairs Food Chinnese,20,3.89,0.26,2.15,1.27,4.58,moderate,0,0.67,0.30,0.01,0.01,0.01,Great for catching up,breakfast
Zuni Fine Eatery,19,1.19,3.31,3.70,3.69,1.06,do not recall,0,0.41,0.02,0.51,0.04,0.01,Great night scene,brunch
Sushi Panda,22,3.46,2.21,4.52,4.34,1.26,moderate,0,0.14,0.07,0.52,0.27,0.00,Great for couples,live music
Ramen Green Pub,4,4.45,2.47,4.82,0.87,2.76,moderate,0,0.05,0.41,0.45,0.02,0.05,Great for couples,dinner
New Country Kong,20,2.97,4.24,2.29,0.02,3.05,quiet,0,0.27,0.62,0.09,0.02,0.00,Great night scene,brunch
Rich Green And SeaFood,15,1.75,2.21,3.14,2.90,0.74,do not recall,0,0.17,0.56,0.16,0.02,0.02,Great for brunch,dinner
New Farm Bar,20,2.19,2.89,2.06,3.11,4.49,energetic,0,0.18,0.30,0.47,0.01,0.01,Great for catching up,drinks
Koi Bento Sports Bar,9,3.29,0.93,0.43,3.65,3.31,moderate,0,0.60,0.26,0.03,0.07,0.03,Great for catching up,drinks
Cafe Green Fish,13,0.04,0.37,3.03,4.49,2.15,energetic,0,0.01,0.30,0.35,0.06,0.05,Great for singles,breakfast
Moonlight Cafe Bakery,14,1.31,1.88,3.83,0.65,2.02,moderate,0,0.16,0.65,0.07,0.05,0.05,Great for catching up,live music
Burger And SeaFood,11,0.39,1.13,0.11,0.14,4.63,energetic,0,0.68,0.02,0.14,0.07,0.06,Great for catching up,lunch
Eat Farm Eatery,24,4.94,4.10,0.05,0.20,4.22,do not recall,0,0.69,0.06,0.04,0.02,0.18,Great for catching up,lunch
Great Lemon Restaurant And Bar,1,4.70,0.94,0.10,4.35,0.40,energetic,0,0.46,0.13,0.29,0.00,0.08,Great for brunch,breakfast
Del Indian Chili,23,2.04,3.23,2.74,0.47,0.24,quiet,0,0.14,0.34,0.52,0.00,0.00,Great night scene,dinner
New Club,17,3.80,2.86,4.07,3.66,4.18,moderate,0,0.20,0.09,0.57,0.06,0.06,Great for couples,dinner
New Sports Bar,10,1.85,3.98,2.03,1.93,3.05,quiet,0,0.38,0.03,0.44,0.07,0.01,Great for couples,dinner
Great Brew Pub,10,3.81,2.45,0.77,1.71,1.53,do not recall,0,0.22,0.27,0.27,0.14,0.05,Great for couples,drinks
Californian Green Fish,22,1.61,0.49,3.02,4.14,3.49,energetic,0,0.56,0.11,0.27,0.05,0.01,Great for families,dinner
Tacorea Plate Sports Bar,8,1.20,0.13,3.06,3.66,3.58,quiet,0,0.49,0.06,0.21,0.01,0.18,Great for brunch,dinner
Sushi Carousel Fish,18,2.71,1.52,2.20,0.33,3.96,quiet,0,0.37,0.19,0.39,0.03,0.00,Great night scene,brunch
Gourmet Fire And SeaFood,25,2.90,3.56,3.60,3.77,2.30,do not recall,0,0.24,0.48,0.06,0.15,0.01,Great for couples,brunch
Lazy House,12,0.11,1.91,3.82,2.65,0.91,moderate,0,0.49,0.10,0.34,0.02,0.02,Great night scene,lunch
Eat Indian Restaurant And Bar,25,0.65,3.60,1.35,3.90,3.76,moderate,0,0.39,0.33,0.06,0.15,0.07,Great for couples,dinner
The Plate Bar,1,2.27,1.16,2.76,4.30,2.73,energetic,0,0.51,0.09,0.31,0.04,0.04,Great for couples,dinner
Eat Basil BBQ,14,1.19,2.48,1.42,0.24,2.31,quiet,0,0.18,0.77,0.01,0.03,0.00,Great for singles,drinks
Bosco's Bento Bakery,10,1.29,4.88,3.23,3.23,0.01,energetic,0,0.74,0.09,0.07,0.07,0.02,Great for singles,lunch
Koi Food Chinnese,25,2.76,4.16,4.63,1.02,0.85,moderate,0,0.48,0.05,0.27,0.06,0.07,Great night scene,dinner
Gava Italian Sports Bar,5,4.10,4.97,0.46,2.15,2.43,quiet,0,0.60,0.11,0.04,0.23,0.00,Great for brunch,dinner
Pho Kong,3,0.35,1.98,4.79,4.34,4.78,moderate,0,0.98,0.02,0.00,0.00,0.00,Great night scene,live music
The Farm Fish,1,1.34,3.33,0.41,2.04,2.49,quiet,0,0.73,0.15,0.02,0.08,0.01,Great for brunch,dinner
Common Olive Marketplace And Deli,12,0.58,1.51,3.65,3.82,2.21,moderate,0,0.62,0.23,0.07,0.05,0.02,Great for brunch,brunch
Pier Basil Cafe,6,0.36,4.58,4.42,1.18,2.63,quiet,0,0.90,0.02,0.06,0.01,0.00,Great for singles,brunch
Bosco's Olive Bar,13,0.96,2.72,4.23,2.81,0.37,quiet,0,0.47,0.19,0.16,0.11,0.05,Great for couples,live music
Zuni Fire Kong,24,1.14,4.59,2.14,4.69,3.17,do not recall,0,0.82,0.12,0.05,0.01,0.00,Great night scene,lunch
Common House Table,24,2.59,1.44,2.16,4.42,2.91,energetic,0,0.99,0.01,0.00,0.00,0.00,Great for brunch,lunch
Ramen Fine And Grill,10,3.78,1.55,2.35,4.08,2.93,quiet,0,0.69,0.23,0.05,0.02,0.00,Great night scene,drinks
Wood Lemon Fish,2,3.94,2.25,0.10,1.51,2.85,moderate,0,0.05,0.81,0.03,0.01,0.06,Great for couples,breakfast
The Old Lemon Bar,14,2.41,4.31,2.93,3.26,1.33,quiet,0,0.38,0.18,0.41,0.01,0.01,Great for couples,breakfast
Pho Kitchen,13,1.68,3.30,1.30,3.51,2.47,quiet,0,0.73,0.17,0.05,0.03,0.00,Great for brunch,brunch
French Plate Eatery,15,0.31,4.97,0.34,1.37,4.38,quiet,0,0.19,0.35,0.29,0.08,0.01,Great for couples,lunch
Bob's Green House,19,2.85,0.00,0.53,4.91,2.48,quiet,0,0.76,0.10,0.14,0.00,0.00,Great for couples,brunch
Koi Green And Grill,6,0.11,3.25,4.81,2.20,0.91,do not recall,0,0.89,0.06,0.00,0.00,0.02,Great for catching up,brunch
Bob's And Grill,8,4.09,0.93,1.52,3.20,3.94,do not recall,0,0.12,0.48,0.07,0.28,0.00,Great for families,drinks
Burger Sports Bar,17,2.65,2.00,0.07,4.70,1.77,do not recall,0,0.19,0.09,0.41,0.01,0.08,Great for brunch,lunch
Sweet Pizza Eatery,7,2.20,3.84,2.79,1.09,1.97,energetic,0,0.72,0.07,0.08,0.08,0.04,Great for singles,brunch
Original Tacos,17,3.42,2.19,4.41,3.02,4.87,moderate,0,0.87,0.13,0.00,0.00,0.00,Great for couples,live music
Cafe Fine Light,7,2.51,0.75,0.89,0.17,1.20,energetic,0,0.41,0.05,0.44,0.09,0.01,Great for catching up,live music
Round King Cannery,20,0.25,4.63,0.32,1.00,0.22,do not recall,0,0.76,0.07,0.08,0.06,0.01,Great night scene,breakfast
Pier Plate Kitchen,21,0.89,1.54,2.67,1.10,4.43,quiet,0,0.33,0.36,0.23,0.06,0.00,Great night scene,lunch
Fish Noodle BBQ,3,0.09,0.81,2.81,0.63,2.17,energetic,0,0.24,0.23,0.09,0.31,0.04,Great for families,drinks
Foreign Lim Restaurant And Bar,12,1.44,1.85,2.55,0.04,0.21,quiet,0,0.10,0.83,0.02,0.04,0.00,Great night scene,brunch
Cafe And SeaFood,19,3.27,0.82,0.00,2.75,1.90,moderate,0,0.80,0.06,0.10,0.00,0.01,Great night scene,lunch
Common Kitchen,10,4.64,0.32,0.80,4.34,4.96,moderate,0,0.03,0.02,0.73,0.15,0.04,Great for families,live music
Lazy Eatery,19,1.23,2.63,0.50,0.16,0.54,do not recall,0,0.68,0.18,0.05,0.06,0.03,Great night scene,breakfast
Round House Brewery,8,4.84,2.04,3.69,0.26,0.40,energetic,0,0.34,0.23,0.31,0.04,0.05,Great night scene,brunch
Lazy Pizza Chinnese,13,3.53,2.05,0.23,4.56,3.70,quiet,0,0.21,0.46,0.22,0.11,0.00,Great for couples,live music
Old Bar,7,3.05,0.52,2.85,2.18,3.80,do not recall,0,0.80,0.09,0.09,0.02,0.00,Great for singles,lunch
Moonlight Cafe Lounge,9,0.33,3.69,0.09,4.23,0.29,moderate,0,0.88,0.05,0.04,0.00,0.02,Great night scene,brunch
Koi Carousel Club,1,4.94,2.82,4.67,2.31,3.82,energetic,0,0.05,0.34,0.30,0.09,0.01,Great night scene,breakfast
Pier Cafe Pub,9,1.52,1.34,1.07,3.05,0.27,quiet,0,0.96,0.03,0.00,0.00,0.00,Great for singles,dinner
Lazy King Lounge,9,2.22,0.19,1.49,3.42,1.10,energetic,0,0.69,0.16,0.05,0.05,0.02,Great night scene,live music
Original Pizza Cafe,25,1.44,0.02,3.70,2.96,4.80,moderate,0,0.66,0.07,0.11,0.09,0.03,Great for singles,live music
Gava Basil Pub,11,0.67,1.66,3.53,4.35,2.58,quiet,0,0.28,0.46,0.01,0.16,0.02,Great for singles,dinner
Ramen Olive BBQ,10,3.93,4.01,1.07,1.22,2.12,do not recall,0,0.67,0.06,0.10,0.11,0.05,Great for catching up,lunch
Pho Cafe Light,17,0.27,1.00,1.09,1.90,2.11,moderate,0,0.15,0.44,0.18,0.03,0.13,Great for singles,dinner
Pho Basil Marketplace And Deli,13,1.64,3.60,1.02,1.44,2.84,do not recall,0,0.32,0.33,0.03,0.04,0.15,Great night scene,brunch
Pizza Brewery,24,4.01,3.79,0.06,3.64,0.87,do not recall,0,0.82,0.15,0.02,0.00,0.01,Great for brunch,brunch
Bosco's Olive Sports Bar,10,0.83,4.14,1.85,0.49,2.56,do not recall,0,0.62,0.07,0.10,0.17,0.04,Great for families,dinner
Wood Country Fish,14,2.07,4.30,1.29,4.67,1.07,moderate,0,0.08,0.86,0.00,0.01,0.05,Great for families,live music
Lazy Indian Brew Pub,19,3.41,3.59,1.60,1.32,1.65,moderate,0,0.67,0.22,0.04,0.01,0.02,Great for families,brunch
The Old Bento And Grill,7,1.84,4.04,3.77,4.06,0.25,quiet,0,0.78,0.15,0.01,0.05,0.01,Great for brunch,breakfast
The Cafe Chili,23,4.18,1.79,1.00,2.00,0.70,moderate,0,0.30,0.59,0.06,0.00,0.02,Great for catching up,lunch
Lazy Farm Steak House,17,3.24,2.55,2.70,1.10,0.72,moderate,0,0.54,0.17,0.00,0.05,0.07,Great night scene,dinner
Original And Grill,2,0.78,1.24,0.56,0.39,0.71,quiet,0,0.08,0.56,0.06,0.25,0.01,Great night scene,lunch
Clairs Farm Sports Bar,20,2.41,1.71,0.26,2.57,2.11,moderate,0,0.30,0.30,0.30,0.05,0.05,Great for couples,brunch
Gourmet Indian Tacos,22,2.32,4.29,0.00,2.51,4.31,quiet,0,0.84,0.13,0.02,0.00,0.00,Great for couples,dinner
Lazy Lim BBQ,13,4.62,4.56,4.36,3.19,4.04,energetic,0,0.26,0.74,0.00,0.00,0.00,Great for catching up,lunch
Foreign Fine Bakery,13,2.15,2.99,1.37,3.29,2.76,moderate,0,0.09,0.34,0.20,0.22,0.11,Great night scene,breakfast
Californian Indian Kong,18,3.62,2.85,2.61,2.89,0.55,moderate,0,0.17,0.24,0.32,0.17,0.08,Great for families,live music
Moonlight Bell,11,2.49,2.39,2.11,2.07,2.91,quiet,0,0.29,0.71,0.00,0.00,0.00,Great for families,breakfast
Old Italian Pub,17,1.13,0.85,4.57,0.47,3.47,energetic,0,0.74,0.07,0.14,0.02,0.02,Great for catching up,live music
Lounge,7,4.48,1.51,2.63,4.85,2.39,moderate,0,0.82,0.06,0.04,0.01,0.06,Great for families,live music
Mexican Green Garden,19,4.05,2.61,2.62,0.94,3.02,quiet,0,0.39,0.23,0.33,0.03,0.00,Great for singles,drinks
Ramen Panda,20,1.77,2.37,1.24,2.05,2.98,do not recall,0,0.24,0.71,0.04,0.01,0.00,Great for catching up,breakfast
Vientian Indian Table,18,3.48,3.33,1.36,2.80,3.87,quiet,0,0.50,0.07,0.22,0.08,0.10,Great for catching up,dinner
Old Olive BBQ,20,0.14,3.51,2.90,4.24,2.10,energetic,0,0.42,0.05,0.42,0.01,0.00,Great for families,brunch
Foreign Pizza Kitchen,12,0.51,3.09,0.46,3.07,3.72,quiet,0,0.48,0.41,0.06,0.04,0.01,Great for couples,live music
The Indian BBQ,1,4.07,0.83,4.28,0.43,1.40,moderate,0,0.22,0.14,0.43,0.19,0.01,Great for brunch,drinks
Moonlight Cafe Panda,19,3.39,2.31,0.97,2.35,1.81,do not recall,0,0.87,0.09,0.03,0.00,0.01,Great for couples,breakfast
Fish Lim And SeaFood,24,1.02,4.00,0.99,0.31,4.49,do not recall,0,0.26,0.71,0.01,0.00,0.01,Great for couples,lunch
Great House Table,22,0.57,4.59,4.48,2.93,4.25,energetic,0,0.89,0.09,0.01,0.01,0.00,Great for catching up,live music
Old King Brew Pub,1,1.73,0.17,4.99,3.21,0.96,quiet,0,0.38,0.15,0.05,0.11,0.16,Great for brunch,drinks
Italian Brew Pub,7,4.48,0.56,4.70,0.57,3.82,energetic,0,0.57,0.05,0.21,0.14,0.01,Great night scene,drinks
Gourmet Kitchen,25,4.76,3.06,1.21,4.01,0.65,energetic,0,0.11,0.43,0.09,0.22,0.07,Great for catching up,live music
Sushi Lemon Cannery,14,3.59,1.09,3.10,2.42,0.37,energetic,0,0.35,0.13,0.09,0.06,0.37,Great for couples,lunch
Clairs Fine Sports Bar,20,2.85,2.15,3.76,0.81,2.09,quiet,0,0.98,0.01,0.00,0.00,0.00,Great night scene,lunch
Del Indian Bell,6,1.75,1.28,1.59,4.26,2.51,energetic,0,0.25,0.41,0.20,0.13,0.01,Great night scene,breakfast
Italian House Brew Pub,8,3.54,2.48,4.06,0.58,4.74,quiet,0,0.82,0.06,0.02,0.02,0.07,Great for brunch,brunch
Italian Indian Garden,11,3.55,1.72,2.29,0.51,1.54,moderate,0,0.86,0.11,0.02,0.01,0.00,Great for catching up,breakfast
Ramen Bakery,14,1.41,3.34,1.33,1.94,1.21,quiet,0,0.37,0.06,0.25,0.03,0.19,Great for singles,drinks
Moonlight Olive And SeaFood,15,3.66,4.92,4.94,4.51,4.59,moderate,0,0.86,0.11,0.02,0.00,0.00,Great night scene,brunch
Bosco's Noodle Bar,10,3.60,4.13,4.57,3.44,0.80,energetic,0,0.17,0.13,0.36,0.22,0.06,Great for brunch,lunch
Olive BBQ,23,2.00,4.17,3.97,0.60,3.33,quiet,0,0.45,0.50,0.04,0.01,0.00,Great for couples,breakfast
The House Brew Pub,25,4.69,0.91,2.48,2.05,3.29,do not recall,0,0.39,0.25,0.18,0.03,0.03,Great for families,lunch
Royal Indian Brewery,7,4.48,1.10,4.47,1.18,3.33,do not recall,0,0.99,0.00,0.00,0.00,0.00,Great for families,live music
Rich Bell,23,4.66,0.90,0.95,1.33,0.42,quiet,0,0.30,0.07,0.28,0.35,0.00,Great for families,live music
The Old Lemon Garden,20,2.86,2.87,4.12,2.20,1.05,moderate,0,0.57,0.14,0.23,0.04,0.00,Great for families,live music
Bosco's Club,18,4.26,1.42,3.84,1.78,3.16,moderate,0,0.58,0.01,0.33,0.06,0.01,Great for families,drinks
Old Farm Club,10,2.70,2.89,1.85,4.52,2.17,quiet,0,0.28,0.25,0.02,0.15,0.27,Great for catching up,dinner
French Lemon Sports Bar,20,0.20,1.26,3.64,4.34,4.60,moderate,0,0.66,0.12,0.22,0.00,0.00,Great for brunch,dinner
Fish Brewery,2,0.28,0.33,2.08,0.24,2.34,quiet,0,0.76,0.14,0.05,0.02,0.00,Great for catching up,dinner
Round Cannery,14,4.39,3.72,2.18,2.87,4.48,do not recall,0,0.58,0.01,0.30,0.07,0.00,Great night scene,lunch
Foreign Pizza Table,25,2.59,1.59,3.99,2.15,2.79,do not recall,0,0.93,0.03,0.02,0.00,0.02,Great for catching up,live music
Thai Olive Table,4,3.47,3.81,2.17,4.94,0.04,moderate,0,0.54,0.33,0.04,0.08,0.01,Great for singles,brunch
The Old Fire Sports Bar,9,0.81,4.51,3.30,2.93,0.91,moderate,0,0.73,0.01,0.19,0.02,0.03,Great for families,dinner
Moonlight Olive And SeaFood,8,3.04,1.42,3.59,1.49,1.26,do not recall,0,0.06,0.76,0.16,0.01,0.01,Great for families,lunch
Royal Indian Table,10,3.37,0.87,0.08,0.24,3.29,do not recall,0,0.91,0.08,0.01,0.00,0.00,Great night scene,lunch
Tacorea Track Cannery,22,1.31,4.44,0.57,2.17,4.83,do not recall,0,0.85,0.02,0.11,0.02,0.00,Great for brunch,lunch
Round Fire Sports Bar,24,1.31,4.61,0.48,3.76,1.79,do not recall,0,0.63,0.25,0.01,0.09,0.01,Great for families,breakfast
Soul Lemon Chinnese,15,1.94,4.77,4.24,3.79,2.01,moderate,0,0.82,0.03,0.03,0.04,0.04,Great for families,live music
Round Cafe Garden,6,3.20,2.34,0.99,2.37,2.07,energetic,0,0.46,0.45,0.02,0.07,0.00,Great for families,dinner
Fish Cafe Pub,23,4.53,2.55,1.18,1.72,2.12,do not recall,0,0.51,0.28,0.04,0.09,0.02,Great for couples,dinner
New Italian Brewery,1,1.15,0.82,4.09,0.47,0.20,do not recall,0,0.68,0.22,0.08,0.00,0.00,Great for families,brunch
Royal Food Bakery,24,1.88,3.63,3.81,4.78,1.40,do not recall,0,0.40,0.19,0.05,0.06,0.19,Great for couples,drinks
Soul And SeaFood,15,3.91,4.34,1.30,3.65,2.00,moderate,0,0.19,0.51,0.30,0.00,0.00,Great for couples,dinner
Pho Track Cafe,2,2.22,2.34,1.96,4.55,3.18,do not recall,0,0.67,0.12,0.18,0.02,0.00,Great for catching up,breakfast
The Food Sports Bar,5,4.65,0.16,3.34,3.30,4.64,energetic,0,0.67,0.23,0.03,0.02,0.04,Great for catching up,dinner
The Italian Kitchen,11,3.70,1.37,1.55,2.77,1.29,moderate,0,0.85,0.04,0.11,0.00,0.00,Great for singles,dinner
Vientian Basil Table,18,3.44,4.49,2.43,3.39,4.95,moderate,0,0.02,0.17,0.05,0.61,0.12,Great for catching up,brunch
Foreign Chinnese,5,3.31,4.70,2.48,0.66,0.56,do not recall,0,0.96,0.03,0.01,0.00,0.00,Great for singles,brunch
Bosco's House Bar,12,2.32,3.10,0.88,4.57,1.58,do not recall,0,0.19,0.30,0.06,0.20,0.06,Great for catching up,live music
Mexican Pizza Brewery,17,4.68,1.81,0.03,0.48,3.12,do not recall,0,0.98,0.02,0.00,0.00,0.00,Great for catching up,lunch
Foreign Green Bar,8,0.36,3.75,1.67,0.98,2.09,moderate,0,0.19,0.40,0.36,0.03,0.02,Great for singles,dinner
Pier Country Kong,17,2.27,4.39,0.45,0.48,3.20,do not recall,0,0.23,0.75,0.00,0.01,0.01,Great for families,breakfast
Gava Noodle Marketplace And Deli,12,3.83,2.51,3.88,4.37,4.52,do not recall,0,0.63,0.36,0.01,0.00,0.00,Great for families,drinks
Teriyaki Pizza Eatery,9,4.00,4.32,1.85,2.08,4.54,do not recall,0,0.84,0.01,0.15,0.00,0.00,Great for catching up,dinner
Mexican Pizza Kong,13,3.14,1.34,0.65,3.30,3.49,energetic,0,0.34,0.27,0.34,0.02,0.01,Great for singles,drinks
Bosco's Bento Kitchen,2,1.55,4.16,0.50,0.44,0.48,moderate,0,0.55,0.36,0.02,0.04,0.02,Great night scene,dinner
Vientian House Table,22,3.04,3.66,4.12,4.30,0.01,quiet,0,0.66,0.28,0.01,0.02,0.03,Great for couples,dinner
Gava House Fish,24,1.46,3.07,2.91,3.79,3.97,energetic,0,0.54,0.15,0.19,0.11,0.01,Great for couples,breakfast
Round Cafe Cannery,24,4.67,2.44,2.59,4.30,0.77,energetic,0,0.08,0.87,0.02,0.00,0.00,Great for singles,breakfast
New Club,19,1.01,4.03,4.72,2.52,1.23,moderate,0,0.89,0.04,0.06,0.00,0.00,Great for couples,breakfast
Plate Cannery,7,0.96,0.49,4.63,1.06,3.60,quiet,0,0.72,0.20,0.02,0.00,0.04,Great for singles,lunch
Clairs Italian Kitchen,7,3.01,1.54,3.40,2.90,3.35,quiet,0,0.58,0.06,0.23,0.12,0.00,Great for singles,drinks
Sweet And SeaFood,9,1.63,4.09,3.58,1.65,0.97,do not recall,0,0.85,0.08,0.07,0.00,0.00,Great for families,live music
Royal Farm Lounge,10,4.27,4.59,1.02,3.76,3.64,do not recall,0,0.18,0.55,0.02,0.07,0.01,Great for brunch,brunch
Common Indian Cafe,13,2.06,2.54,1.22,0.98,3.79,do not recall,0,0.61,0.15,0.07,0.09,0.06,Great for families,breakfast
Lazy Cafe Restaurant And Bar,19,4.69,0.53,4.28,1.84,2.14,energetic,0,0.93,0.05,0.00,0.02,0.00,Great for brunch,dinner
Thai Plate Brew Pub,25,0.39,4.38,0.09,2.55,2.94,do not recall,0,0.00,0.29,0.57,0.13,0.01,Great for catching up,breakfast
Thai Country Tacos,24,2.24,4.16,0.57,1.12,0.76,energetic,0,0.03,0.72,0.04,0.07,0.10,Great night scene,lunch
Moonlight Olive BBQ,9,0.74,2.52,0.12,0.32,3.57,quiet,0,0.25,0.28,0.23,0.01,0.16,Great for couples,brunch
Lazy Italian House,20,3.59,4.05,2.82,0.33,0.29,energetic,0,0.88,0.04,0.08,0.00,0.00,Great for singles,lunch
French Bakery,4,2.96,3.21,4.23,4.53,2.05,quiet,0,0.93,0.02,0.04,0.01,0.00,Great for catching up,brunch
Foreign Cafe Tacos,1,3.05,3.13,4.57,2.56,0.61,do not recall,0,0.26,0.55,0.17,0.01,0.01,Great for families,breakfast
Old Lim Panda,13,2.26,2.79,2.90,2.06,1.95,quiet,0,0.68,0.23,0.04,0.02,0.01,Great for catching up,drinks
La Country Kong,18,0.54,1.61,1.01,4.21,0.21,quiet,0,0.74,0.13,0.09,0.00,0.03,Great for couples,lunch
Tacorea Fish,10,1.35,0.04,0.11,4.76,4.80,quiet,0,0.08,0.84,0.02,0.06,0.00,Great night scene,live music
Italian Food Light,17,0.56,1.35,4.91,4.26,4.48,moderate,0,0.83,0.06,0.01,0.05,0.00,Great for singles,brunch
Gava Table,9,2.03,1.67,3.37,3.17,1.04,quiet,0,0.85,0.10,0.03,0.00,0.01,Great for brunch,live music
Fish Pizza Bell,15,4.43,1.19,3.08,3.92,0.28,energetic,0,0.85,0.11,0.02,0.01,0.01,Great for families,lunch
Pho Sports Bar,11,1.63,4.88,1.92,4.43,4.45,energetic,0,0.63,0.26,0.00,0.04,0.07,Great for singles,live music
Original King Light,3,2.13,2.19,2.10,3.57,0.95,quiet,0,0.03,0.81,0.04,0.06,0.03,Great for couples,brunch
Cafe Food Sports Bar,6,1.40,1.04,0.80,2.07,3.93,quiet,0,0.87,0.01,0.05,0.05,0.01,Great for brunch,brunch
Wood Mare Chinnese,19,1.09,1.79,0.05,3.80,3.86,energetic,0,0.59,0.26,0.03,0.08,0.02,Great for brunch,dinner
Soul Lemon Bakery,4,4.53,3.87,4.15,0.41,2.65,moderate,0,0.22,0.14,0.29,0.31,0.00,Great for singles,dinner
Common King Lounge,5,3.47,1.12,5.00,4.34,2.52,quiet,0,0.92,0.07,0.01,0.00,0.00,Great for catching up,breakfast
The Fire Fish,1,3.08,3.62,4.30,1.39,1.36,quiet,0,0.32,0.64,0.01,0.01,0.01,Great for brunch,breakfast
Teriyaki Country Sports Bar,8,1.79,2.67,2.41,3.59,2.53,moderate,0,0.79,0.19,0.01,0.00,0.00,Great for couples,drinks
Rich Pizza Cannery,6,1.04,2.20,3.40,3.56,2.63,moderate,0,0.20,0.70,0.01,0.06,0.01,Great for catching up,drinks
Tacorea Plate Kong,11,1.77,1.45,1.27,4.76,3.59,do not recall,0,0.19,0.78,0.01,0.00,0.01,Great for brunch,drinks
Lazy Green Panda,25,0.21,2.77,2.04,1.62,4.73,quiet,0,0.58,0.32,0.09,0.01,0.00,Great for catching up,drinks
Track Marketplace And Deli,23,1.61,3.93,2.27,0.01,4.51,moderate,0,0.99,0.01,0.00,0.00,0.00,Great night scene,lunch
Fish Lim Brewery,12,4.48,3.14,0.97,3.76,2.98,quiet,0,0.09,0.69,0.16,0.05,0.01,Great for singles,drinks
Del Track And SeaFood,2,0.78,4.03,4.49,4.36,1.16,moderate,0,0.38,0.04,0.46,0.07,0.04,Great for couples,breakfast
Lazy Country And SeaFood,14,4.24,4.51,4.26,3.24,1.93,moderate,0,0.01,0.41,0.58,0.00,0.00,Great for brunch,breakfast
Original Cafe Marketplace And Deli,4,3.08,0.21,3.40,3.99,0.59,moderate,0,0.11,0.44,0.43,0.00,0.01,Great night scene,live music
Bosco's Country Chinnese,17,4.28,4.94,4.41,2.78,2.95,energetic,0,0.63,0.13,0.04,0.09,0.08,Great for singles,live music
Cafe Cafe Table,16,2.09,3.05,2.00,2.00,4.61,do not recall,0,0.59,0.38,0.02,0.01,0.00,Great for families,brunch
Foreign Country Steak House,2,4.55,1.08,1.86,4.21,2.93,quiet,0,0.76,0.16,0.03,0.03,0.01,Great night scene,lunch
Bosco's Olive Lounge,12,4.21,3.43,4.72,3.14,4.05,quiet,0,0.76,0.21,0.01,0.02,0.00,Great for families,lunch
Royal Bakery,20,0.71,1.64,2.01,0.22,0.98,energetic,0,0.09,0.25,0.45,0.11,0.03,Great night scene,lunch
Italian Green Chinnese,1,1.32,2.22,3.65,4.46,2.15,do not recall,0,0.90,0.05,0.04,0.00,0.01,Great for catching up,brunch
Koi Pizza Table,2,0.07,2.09,3.52,4.37,1.31,quiet,0,0.18,0.06,0.39,0.01,0.25,Great for brunch,drinks
Sweet Food Fish,6,1.65,0.47,1.31,1.42,1.22,do not recall,0,0.32,0.22,0.45,0.00,0.00,Great night scene,breakfast
Fish Carousel House,13,4.46,0.60,4.66,1.83,3.48,moderate,0,0.96,0.02,0.02,0.00,0.00,Great for couples,breakfast
The Old Italian And Grill,23,3.17,3.42,0.13,2.41,3.87,do not recall,0,0.41,0.43,0.05,0.05,0.04,Great for couples,drinks
Cafe Brewery,21,1.22,2.73,0.04,1.24,0.58,energetic,0,0.18,0.56,0.14,0.05,0.02,Great for families,lunch
Ramen Food Cannery,24,4.61,2.47,2.36,0.49,3.29,moderate,0,0.28,0.05,0.05,0.44,0.04,Great for singles,brunch
La Carousel Lounge,23,2.22,2.39,4.77,0.35,4.84,energetic,0,0.82,0.04,0.01,0.05,0.01,Great night scene,lunch
Eat Table,2,1.92,2.17,2.22,1.57,2.88,do not recall,0,0.26,0.17,0.21,0.01,0.20,Great for catching up,drinks
Del Carousel Chinnese,2,1.88,4.54,1.52,4.97,0.74,moderate,0,0.23,0.47,0.27,0.00,0.03,Great for couples,live music
Italian Olive Restaurant And Bar,7,3.68,2.86,4.59,0.56,0.80,moderate,0,0.77,0.14,0.04,0.05,0.00,Great for singles,lunch
La Lim Brew Pub,5,3.85,4.61,2.33,0.20,3.05,do not recall,0,0.70,0.07,0.17,0.06,0.00,Great for couples,breakfast
Bob's Pizza Restaurant And Bar,17,4.76,4.51,3.76,1.44,0.25,do not recall,0,0.44,0.29,0.03,0.00,0.00,Great for singles,breakfast
Soul King Bakery,21,2.73,1.35,4.13,0.15,1.52,do not recall,0,0.09,0.36,0.10,0.25,0.19,Great for families,live music
Italian Kitchen,16,4.93,3.01,3.41,2.02,2.91,energetic,0,0.49,0.09,0.30,0.02,0.09,Great for couples,live music
Royal Tacos,23,1.26,0.98,4.35,1.70,4.09,quiet,0,0.14,0.28,0.28,0.29,0.00,Great for singles,breakfast
Clairs Carousel Pub,9,3.22,1.24,4.01,0.61,2.99,quiet,0,0.36,0.61,0.01,0.01,0.01,Great for catching up,drinks
Sweet Country Fish,5,1.65,1.12,2.19,1.18,4.21,moderate,0,0.66,0.01,0.28,0.03,0.00,Great for couples,live music
New Pizza Eatery,14,4.61,2.09,4.99,4.77,3.90,quiet,0,0.11,0.39,0.49,0.00,0.01,Great for couples,breakfast
Wood Pizza House,20,0.38,1.20,2.70,2.49,2.87,quiet,0,0.52,0.14,0.17,0.06,0.09,Great for couples,breakfast
Cafe Mare Light,17,1.44,2.23,2.48,3.87,4.00,moderate,0,0.44,0.33,0.01,0.14,0.02,Great for catching up,brunch
Cafe Lemon BBQ,19,4.20,3.18,0.80,1.77,3.56,energetic,0,0.96,0.03,0.01,0.00,0.00,Great for families,brunch
Tacorea Club,7,2.78,2.82,0.27,1.63,1.49,quiet,0,0.41,0.14,0.14,0.05,0.11,Great night scene,lunch
Tacorea Carousel And Grill,18,0.94,2.56,4.98,1.32,4.34,quiet,0,0.58,0.22,0.07,0.10,0.02,Great for families,live music
Californian Farm Restaurant And Bar,19,2.25,2.19,3.25,2.83,1.96,energetic,0,0.84,0.09,0.02,0.00,0.04,Great night scene,live music
Original Kong,20,4.89,0.08,1.86,0.16,1.20,do not recall,0,0.19,0.59,0.16,0.05,0.01,Great for families,brunch
Gava Bento Brew Pub,2,4.81,2.96,1.98,2.71,1.20,energetic,0,0.61,0.26,0.05,0.03,0.03,Great for singles,live music
French Green Bell,11,3.47,4.11,1.46,4.89,1.99,quiet,0,0.52,0.09,0.04,0.23,0.00,Great for brunch,breakfast
Del Farm Marketplace And Deli,12,4.05,2.55,3.40,2.35,0.72,energetic,0,0.31,0.24,0.41,0.01,0.02,Great for brunch,live music
Great Restaurant And Bar,8,4.75,2.79,4.67,4.54,2.34,quiet,0,0.37,0.19,0.30,0.05,0.08,Great for couples,live music
Gourmet Italian Bar,13,1.60,4.53,1.33,3.44,4.14,quiet,0,0.89,0.06,0.04,0.01,0.00,Great for couples,breakfast
Foreign Noodle Fish,16,3.82,4.69,2.95,0.29,2.92,moderate,0,0.77,0.12,0.02,0.06,0.03,Great night scene,brunch
Mexican Fine Sports Bar,21,4.55,0.38,1.90,4.59,4.93,energetic,0,0.28,0.71,0.01,0.00,0.00,Great for catching up,live music
Great Farm Bell,22,1.50,0.83,0.93,1.01,2.64,moderate,0,0.44,0.36,0.17,0.01,0.00,Great night scene,live music
Burger Carousel Tacos,2,3.94,0.54,4.05,2.57,1.00,moderate,0,0.06,0.19,0.31,0.04,0.27,Great for catching up,dinner
The Pizza Kitchen,17,3.87,0.98,3.83,2.45,4.87,do not recall,0,0.35,0.39,0.11,0.12,0.01,Great night scene,brunch
La Plate Chili,9,4.29,4.05,2.66,1.38,3.37,moderate,0,0.62,0.25,0.11,0.01,0.01,Great for catching up,dinner
Royal Tacos,8,4.98,4.23,1.15,2.39,2.34,energetic,0,0.09,0.13,0.50,0.27,0.00,Great night scene,drinks
Bob's Plate Brew Pub,14,2.39,2.37,0.09,0.12,0.79,do not recall,0,0.83,0.06,0.00,0.06,0.03,Great for families,drinks
Teriyaki Italian Tacos,10,1.95,4.45,4.29,2.66,1.69,do not recall,0,0.88,0.09,0.03,0.00,0.00,Great for catching up,lunch
Bob's Fire And Grill,10,4.32,1.08,3.11,2.61,4.60,quiet,0,0.76,0.21,0.01,0.00,0.01,Great for couples,dinner
Teriyaki Pizza Restaurant And Bar,16,4.24,2.63,1.69,0.48,1.32,quiet,0,0.07,0.31,0.28,0.00,0.28,Great for brunch,dinner
Gava House House,2,2.89,4.09,1.14,3.32,2.30,quiet,0,0.36,0.16,0.26,0.08,0.10,Great for families,dinner
Foreign Pizza Light,13,1.64,3.30,3.45,4.05,0.47,energetic,0,0.86,0.09,0.04,0.00,0.00,Great for brunch,dinner
Rich Fire And Grill,8,1.82,4.40,3.99,1.14,0.04,quiet,0,0.17,0.68,0.03,0.02,0.04,Great for brunch,drinks
Thai Noodle Lounge,17,4.14,0.75,1.44,3.96,3.82,quiet,0,0.43,0.35,0.09,0.11,0.02,Great for brunch,live music
Eat House Light,23,2.31,4.35,3.96,0.37,4.07,quiet,0,0.62,0.12,0.02,0.12,0.03,Great for catching up,brunch
Clairs Pizza Club,24,0.05,4.94,1.81,4.47,2.87,quiet,0,0.12,0.49,0.37,0.02,0.00,Great for families,breakfast
Tacorea House And Grill,12,1.22,1.38,3.27,2.16,3.96,energetic,0,0.05,0.38,0.50,0.05,0.01,Great for catching up,dinner
Bosco's Fine And SeaFood,10,4.73,0.36,2.25,4.26,0.81,do not recall,0,0.75,0.14,0.10,0.00,0.01,Great for families,lunch
Round Pizza Sports Bar,3,0.48,0.49,3.45,1.22,3.23,moderate,0,0.48,0.33,0.08,0.07,0.02,Great for brunch,drinks
Cafe Lemon Chinnese,17,3.01,0.34,0.54,3.79,0.73,moderate,0,0.11,0.78,0.02,0.04,0.04,Great night scene,dinner
Pho King And SeaFood,14,3.33,2.09,3.86,0.39,1.54,moderate,0,0.67,0.33,0.00,0.00,0.00,Great for catching up,lunch
Lazy Sports Bar,18,2.33,3.55,0.86,2.13,2.64,quiet,0,0.19,0.27,0.49,0.05,0.00,Great for brunch,dinner
Gourmet Italian House,18,3.53,2.30,1.88,3.05,2.14,do not recall,0,0.13,0.48,0.19,0.08,0.01,Great night scene,brunch
Pho Mare Chili,19,1.28,1.60,3.73,0.93,1.59,moderate,0,0.40,0.01,0.56,0.01,0.00,Great for couples,brunch
Mexican Green Bakery,20,3.40,3.48,0.99,3.00,0.13,do not recall,0,0.57,0.16,0.06,0.16,0.04,Great for catching up,dinner
Clairs Kong,2,4.43,1.88,4.94,0.10,3.69,do not recall,0,0.07,0.50,0.03,0.09,0.09,Great for families,breakfast
Foreign Bento Bell,12,0.07,0.04,1.29,0.83,4.15,quiet,0,0.20,0.66,0.06,0.04,0.01,Great for brunch,breakfast
Pier Green Brew Pub,20,1.24,1.41,0.46,3.44,0.37,energetic,0,0.58,0.14,0.06,0.10,0.03,Great night scene,drinks
Moonlight Bento Steak House,6,4.93,3.51,2.05,4.93,4.16,moderate,0,0.40,0.36,0.08,0.07,0.04,Great for couples,breakfast
Bob's Italian Kong,11,1.23,1.20,4.77,4.71,0.21,do not recall,0,0.71,0.25,0.02,0.01,0.01,Great for families,brunch
Ramen Noodle Cafe,25,3.63,2.01,3.52,2.59,0.62,do not recall,0,0.97,0.01,0.01,0.00,0.01,Great for singles,lunch
Lazy Cafe Restaurant And Bar,23,2.51,2.67,2.29,3.24,3.68,energetic,0,0.37,0.47,0.02,0.11,0.02,Great night scene,breakfast
Round Track Kitchen,4,0.21,2.51,1.66,1.94,4.94,moderate,0,0.68,0.25,0.03,0.02,0.01,Great for brunch,breakfast
Zuni Carousel Light,21,1.48,3.56,4.68,0.47,4.46,energetic,0,0.67,0.23,0.10,0.00,0.00,Great for couples,brunch
Clairs Garden,14,2.97,4.80,2.26,3.15,0.87,do not recall,0,0.86,0.01,0.12,0.01,0.00,Great for families,lunch
Wood House,21,1.26,3.74,2.64,4.88,3.47,quiet,0,0.33,0.06,0.49,0.09,0.01,Great for catching up,drinks
Sushi Fine BBQ,9,2.69,0.78,0.86,3.12,1.18,do not recall,0,0.92,0.04,0.01,0.01,0.02,Great for catching up,live music
Pho King Sports Bar,18,2.98,3.34,0.44,3.29,0.88,do not recall,0,0.96,0.03,0.00,0.00,0.00,Great for couples,brunch
Original King BBQ,25,3.65,1.83,1.57,3.88,2.74,energetic,0,0.24,0.31,0.37,0.01,0.07,Great for brunch,drinks
Gourmet Cafe Bell,17,2.31,0.80,2.37,4.75,3.13,quiet,0,0.39,0.06,0.02,0.47,0.02,Great for brunch,brunch
Zuni Pub,22,3.17,0.54,0.18,1.19,4.82,quiet,0,0.60,0.06,0.18,0.10,0.02,Great for singles,drinks
Pho Noodle Panda,11,3.77,4.15,0.78,3.02,3.59,moderate,0,0.98,0.02,0.00,0.00,0.00,Great for couples,breakfast
Thai House,2,0.51,0.65,2.69,4.12,3.73,energetic,0,0.43,0.47,0.03,0.03,0.02,Great for brunch,drinks
Common Bento And SeaFood,13,3.68,4.63,0.42,4.27,2.29,quiet,0,0.42,0.30,0.00,0.06,0.04,Great for brunch,brunch
Vientian Carousel Eatery,20,3.60,0.94,0.19,1.02,3.17,do not recall,0,0.95,0.00,0.00,0.03,0.01,Great for brunch,lunch
Zuni And SeaFood,24,3.65,1.21,1.48,1.69,1.54,moderate,0,0.34,0.37,0.00,0.27,0.02,Great for couples,live music
Zuni Farm Club,19,2.48,0.88,1.60,1.75,4.16,quiet,0,0.71,0.02,0.01,0.07,0.01,Great for families,brunch
Mexican Lim Tacos,4,3.47,2.02,2.60,1.50,3.74,quiet,0,0.94,0.00,0.06,0.00,0.00,Great for couples,breakfast
Wood Lemon House,16,4.52,1.63,3.84,3.70,0.37,quiet,0,0.97,0.03,0.00,0.00,0.00,Great for brunch,lunch
New Pizza Sports Bar,13,2.69,1.42,2.26,3.00,2.12,moderate,0,0.82,0.13,0.04,0.00,0.01,Great for catching up,breakfast
Tacorea Noodle Steak House,8,4.28,0.50,3.35,0.42,3.21,do not recall,0,0.29,0.02,0.52,0.03,0.13,Great for couples,lunch
La Lemon Sports Bar,15,4.25,1.38,1.76,3.59,3.76,quiet,0,0.73,0.21,0.01,0.02,0.01,Great for catching up,brunch
Vientian Noodle Sports Bar,8,2.54,3.35,3.54,0.11,2.83,moderate,0,0.13,0.17,0.25,0.18,0.14,Great night scene,brunch
Great Farm Kitchen,11,1.57,2.43,0.82,2.94,2.24,energetic,0,0.16,0.54,0.13,0.10,0.01,Great for singles,lunch
Zuni Lim Bell,13,2.02,2.51,3.87,4.76,2.82,do not recall,0,0.56,0.23,0.01,0.05,0.09,Great night scene,drinks
Tacorea Brewery,21,2.91,2.35,0.26,1.63,3.72,moderate,0,0.19,0.53,0.10,0.07,0.06,Great night scene,lunch
The Fine Brewery,10,3.15,2.13,2.32,2.57,3.45,moderate,0,0.34,0.32,0.05,0.28,0.00,Great for couples,brunch
Del Cafe Tacos,23,1.95,4.85,0.63,2.01,2.85,energetic,0,0.83,0.10,0.05,0.01,0.01,Great for catching up,dinner
Bosco's Lim Cafe,16,0.42,2.09,0.81,1.01,3.88,do not recall,0,0.05,0.88,0.07,0.00,0.00,Great for brunch,live music
Bob's House Light,12,2.63,2.78,1.00,0.36,4.76,quiet,0,0.45,0.16,0.20,0.17,0.01,Great for families,brunch
Zuni Noodle Bar,9,3.99,3.30,0.09,3.58,2.79,energetic,0,0.10,0.22,0.58,0.09,0.01,Great for singles,lunch
The Green Marketplace And Deli,22,0.83,3.20,3.83,2.93,0.07,moderate,0,0.62,0.22,0.06,0.07,0.01,Great for brunch,lunch
Round Cafe Pub,18,3.12,4.93,3.38,3.97,3.35,do not recall,0,0.03,0.17,0.31,0.32,0.16,Great for catching up,drinks
Zuni Indian Lounge,9,4.60,1.73,0.39,3.63,1.35,moderate,0,0.86,0.05,0.05,0.00,0.02,Great for families,dinner
Cafe Noodle Bell,6,1.93,0.23,1.57,2.59,3.06,energetic,0,0.60,0.08,0.20,0.01,0.07,Great for families,breakfast
Thai Fine Chinnese,17,4.37,1.17,2.76,2.19,4.09,moderate,0,0.64,0.33,0.01,0.01,0.00,Great for couples,breakfast
Gava Pizza Garden,21,3.80,0.86,2.00,0.80,4.16,moderate,0,0.35,0.01,0.26,0.12,0.01,Great for brunch,breakfast
Thai Track Eatery,2,0.02,0.09,0.06,2.96,0.14,quiet,0,0.20,0.76,0.01,0.02,0.01,Great for singles,drinks
Lazy Pizza Kitchen,6,0.43,0.24,2.97,4.27,0.02,do not recall,0,0.80,0.12,0.05,0.03,0.00,Great for singles,drinks
Sweet Country Tacos,20,3.97,1.64,2.02,0.86,4.88,moderate,0,0.86,0.11,0.00,0.02,0.01,Great for families,breakfast
Pho Food Lounge,16,1.10,2.66,0.40,4.59,0.00,moderate,0,0.84,0.15,0.00,0.00,0.00,Great night scene,drinks
Rich Fine Sports Bar,9,1.11,3.78,2.33,4.83,3.71,energetic,0,0.66,0.24,0.04,0.01,0.02,Great for couples,lunch
Sushi Fire Steak House,20,2.50,3.29,3.50,3.60,3.21,do not recall,0,0.65,0.06,0.22,0.06,0.00,Great for brunch,lunch
Original Indian Kong,24,2.18,3.36,1.17,0.49,1.26,quiet,0,0.29,0.03,0.11,0.42,0.03,Great for brunch,brunch
The Green Table,5,2.73,3.93,3.88,1.87,2.30,do not recall,0,0.25,0.41,0.17,0.08,0.05,Great for singles,dinner
Original Mare Chili,3,2.16,0.81,4.76,4.71,3.56,quiet,0,0.87,0.01,0.05,0.02,0.02,Great for families,dinner
Californian Olive And Grill,7,3.62,4.26,0.95,4.60,1.06,do not recall,0,0.05,0.59,0.32,0.04,0.00,Great for singles,brunch
Great Green Kitchen,16,0.95,1.11,1.17,0.03,2.13,energetic,0,0.24,0.21,0.21,0.02,0.30,Great for families,lunch
Wood Fire Brewery,4,2.14,2.72,0.68,0.69,1.14,quiet,0,0.22,0.73,0.01,0.03,0.01,Great for singles,breakfast
Burger Noodle Sports Bar,21,3.19,1.66,0.21,0.63,4.96,moderate,0,0.25,0.07,0.32,0.33,0.03,Great for catching up,breakfast
Clairs Mare Restaurant And Bar,6,1.85,3.28,2.44,2.22,2.70,quiet,0,0.18,0.06,0.70,0.03,0.01,Great for couples,brunch
Burger Fine Cannery,6,4.80,4.65,3.10,4.10,4.71,do not recall,0,0.15,0.81,0.03,0.00,0.00,Great for families,lunch
The Pizza Cannery,6,4.63,4.61,3.86,2.83,3.86,energetic,0,0.75,0.03,0.14,0.07,0.00,Great for catching up,dinner
Moonlight Fire Cannery,22,0.84,0.81,4.85,2.93,1.00,do not recall,0,0.96,0.02,0.01,0.01,0.00,Great for families,drinks
Californian Lim Kong,1,3.05,1.74,4.23,0.19,1.61,energetic,0,0.74,0.10,0.07,0.07,0.01,Great for singles,brunch
French King Panda,18,4.55,2.89,3.86,4.53,2.31,energetic,0,0.06,0.18,0.72,0.02,0.00,Great for brunch,breakfast
Koi Basil Steak House,8,4.64,1.62,3.67,0.52,4.79,quiet,0,0.78,0.12,0.02,0.05,0.03,Great for singles,brunch
The Plate Restaurant And Bar,2,3.03,3.55,4.14,3.68,3.06,moderate,0,0.48,0.16,0.11,0.25,0.00,Great for singles,brunch
Thai Food Garden,17,1.95,3.13,1.37,4.13,1.26,moderate,0,0.07,0.50,0.41,0.01,0.00,Great for brunch,live music
Clairs Food Sports Bar,6,0.06,2.03,0.13,1.82,1.92,do not recall,0,0.64,0.22,0.10,0.01,0.01,Great for catching up,breakfast
Clairs Light,17,1.98,4.92,2.47,0.75,3.60,energetic,0,0.11,0.56,0.01,0.28,0.02,Great for singles,lunch
Cafe Green Kong,2,1.26,1.81,2.64,1.71,4.95,energetic,0,0.56,0.04,0.31,0.05,0.04,Great for couples,dinner
Italian Bento Tacos,14,3.42,3.86,0.56,3.62,3.62,quiet,0,0.10,0.90,0.00,0.00,0.00,Great for families,breakfast
Old Chinnese,12,2.04,1.06,1.31,3.26,3.76,do not recall,0,0.16,0.04,0.07,0.27,0.22,Great night scene,lunch
The Lemon House,22,4.83,1.45,4.21,3.72,4.28,do not recall,0,0.25,0.04,0.50,0.06,0.03,Great for brunch,brunch
Gourmet Cafe Sports Bar,10,1.15,4.90,1.79,1.84,1.75,energetic,0,0.79,0.08,0.03,0.03,0.07,Great for brunch,dinner
Eat King Cafe,3,0.46,3.62,0.83,3.47,4.95,do not recall,0,0.22,0.56,0.06,0.13,0.00,Great for couples,lunch
Old Plate Cafe,22,4.44,4.03,4.41,4.55,3.51,energetic,0,0.52,0.08,0.27,0.06,0.04,Great for singles,live music
Original Plate BBQ,11,1.59,4.73,3.14,1.92,1.17,moderate,0,0.81,0.17,0.01,0.01,0.00,Great for couples,lunch
Zuni Country Sports Bar,12,0.25,1.55,0.21,2.98,3.07,do not recall,0,0.23,0.64,0.08,0.02,0.03,Great night scene,breakfast
Old King Steak House,17,0.19,1.65,4.89,0.55,3.15,moderate,0,0.61,0.23,0.16,0.00,0.00,Great for families,drinks
Original Farm Brew Pub,1,1.84,0.23,2.97,3.12,2.58,quiet,0,0.17,0.01,0.68,0.04,0.08,Great night scene,lunch
Common Pizza Cannery,4,3.21,2.74,2.45,0.94,1.00,quiet,0,0.81,0.15,0.02,0.02,0.00,Great for couples,dinner
The Lemon Brew Pub,25,1.21,2.66,0.83,1.77,3.12,quiet,0,0.66,0.13,0.17,0.00,0.02,Great night scene,lunch
The Old Cafe Cannery,20,0.66,2.96,4.03,3.56,3.36,energetic,0,0.70,0.29,0.01,0.00,0.00,Great for singles,dinner
Bosco's Country Kong,16,4.29,4.34,4.95,0.24,0.37,quiet,0,0.46,0.01,0.08,0.11,0.03,Great for couples,live music
Royal Plate And SeaFood,12,2.41,2.46,2.79,1.94,4.20,energetic,0,0.22,0.55,0.02,0.00,0.19,Great for brunch,lunch
New Fish,8,2.97,1.03,4.63,1.15,3.26,do not recall,0,0.60,0.32,0.06,0.01,0.00,Great for catching up,live music
Eat Carousel Eatery,5,3.12,0.76,0.24,3.02,0.90,energetic,0,0.90,0.01,0.00,0.01,0.07,Great for couples,dinner
Cafe Cannery,22,4.06,1.74,2.73,1.59,0.06,moderate,0,0.56,0.18,0.22,0.03,0.01,Great for brunch,lunch
French Lemon Marketplace And Deli,9,4.67,0.31,3.91,3.64,4.84,do not recall,0,0.44,0.29,0.19,0.01,0.04,Great for families,live music
Cafe Basil Kong,22,0.36,0.41,0.95,3.79,0.03,do not recall,0,0.64,0.28,0.04,0.02,0.01,Great for singles,brunch
Ramen House Panda,4,0.29,0.86,2.39,1.14,0.20,moderate,0,0.34,0.04,0.61,0.01,0.00,Great for brunch,lunch
The Club,15,3.43,2.43,3.15,2.63,0.21,moderate,0,0.04,0.04,0.75,0.16,0.01,Great for couples,dinner
Zuni Food Bar,15,0.28,4.35,2.24,1.74,1.18,quiet,0,0.47,0.02,0.20,0.29,0.00,Great for singles,brunch
Italian Eatery,21,2.01,0.59,0.84,3.09,2.78,moderate,0,0.93,0.03,0.03,0.01,0.00,Great for families,lunch
Old Sports Bar,9,3.15,1.85,2.93,3.88,1.08,moderate,0,0.91,0.05,0.03,0.00,0.00,Great for brunch,breakfast
Rich Carousel And SeaFood,2,2.06,3.00,4.15,3.70,3.72,moderate,0,0.22,0.76,0.01,0.00,0.01,Great for catching up,lunch
Soul Cafe Fish,6,0.75,2.00,1.57,4.97,2.48,do not recall,0,0.91,0.06,0.03,0.00,0.00,Great for singles,brunch
The Fire Club,18,3.37,3.25,4.55,4.45,2.59,energetic,0,0.77,0.07,0.14,0.02,0.00,Great night scene,breakfast
La Lim Marketplace And Deli,1,0.70,0.35,4.42,1.27,2.92,moderate,0,0.08,0.36,0.10,0.34,0.09,Great for singles,dinner
Thai Plate Chili,15,4.44,1.94,2.54,1.22,3.12,quiet,0,0.04,0.80,0.11,0.02,0.01,Great for families,breakfast
Original Track Lounge,1,0.38,2.15,4.68,2.88,2.19,do not recall,0,0.68,0.23,0.06,0.01,0.01,Great for singles,drinks
Lazy Track Panda,20,1.30,4.99,3.08,2.14,4.65,do not recall,0,0.56,0.06,0.34,0.01,0.01,Great for catching up,drinks
Old Carousel House,2,3.21,3.07,0.00,4.52,3.28,moderate,0,0.59,0.07,0.28,0.05,0.00,Great night scene,dinner
Del Farm Brew Pub,22,4.51,0.93,0.25,3.07,3.27,quiet,0,0.39,0.29,0.10,0.06,0.15,Great for singles,dinner
Original Track Kitchen,10,0.75,0.88,4.44,4.53,2.23,moderate,0,0.77,0.05,0.14,0.03,0.01,Great for brunch,dinner
Sweet Indian Bell,17,2.35,1.39,1.89,0.93,0.63,energetic,0,0.18,0.36,0.24,0.01,0.19,Great for singles,live music
Bob's Plate Fish,10,2.79,4.03,4.86,1.47,0.97,moderate,0,0.33,0.03,0.21,0.04,0.29,Great for singles,breakfast
The Country Lounge,23,1.24,0.41,0.43,4.52,0.28,quiet,0,0.20,0.33,0.22,0.13,0.10,Great for families,breakfast
Foreign Plate Restaurant And Bar,25,3.97,1.18,3.56,2.89,0.28,moderate,0,0.09,0.30,0.10,0.25,0.21,Great for couples,brunch
Zuni Bento Restaurant And Bar,16,2.88,3.57,3.89,0.09,2.17,energetic,0,0.31,0.37,0.02,0.05,0.23,Great for singles,lunch
Del Pizza Brewery,16,4.97,3.25,3.47,3.71,4.42,energetic,0,0.80,0.02,0.15,0.00,0.03,Great for families,live music
Teriyaki Sports Bar,18,4.91,4.33,4.89,4.74,1.38,quiet,0,0.24,0.51,0.24,0.00,0.00,Great for singles,lunch
Lazy Indian BBQ,18,4.19,3.08,1.48,2.68,4.63,moderate,0,0.55,0.28,0.15,0.00,0.01,Great for catching up,breakfast
Bob's Carousel Cafe,21,0.69,1.63,2.90,0.16,0.18,moderate,0,0.84,0.10,0.03,0.03,0.00,Great for brunch,brunch
French Lim Cannery,2,0.19,0.53,3.00,3.07,0.57,moderate,0,0.28,0.70,0.02,0.00,0.00,Great for couples,dinner
Koi Noodle Bar,17,0.88,3.30,3.12,0.48,3.58,moderate,0,0.98,0.01,0.01,0.00,0.00,Great for brunch,live music
Fish Basil Lounge,5,1.77,3.94,3.63,1.73,0.28,do not recall,0,0.16,0.55,0.26,0.01,0.01,Great for brunch,brunch
Sweet Lemon Lounge,18,2.67,4.37,2.63,1.74,0.45,quiet,0,0.55,0.42,0.02,0.00,0.00,Great for families,dinner
La Lemon Fish,22,3.79,0.41,2.81,0.76,4.74,moderate,0,0.21,0.11,0.03,0.61,0.01,Great for brunch,drinks
Burger Carousel Chili,18,2.20,1.94,4.11,1.49,2.38,moderate,0,0.29,0.51,0.20,0.00,0.00,Great for singles,live music
Round Carousel Marketplace And Deli,5,4.76,3.53,1.97,4.16,2.49,quiet,0,0.91,0.08,0.00,0.01,0.00,Great for families,breakfast
Indian Kitchen,1,2.06,4.69,4.50,1.68,3.26,energetic,0,0.01,0.22,0.26,0.06,0.08,Great for singles,dinner
Bob's Green BBQ,10,1.03,2.07,1.05,0.46,3.01,moderate,0,0.26,0.61,0.11,0.00,0.01,Great for brunch,brunch
Mexican Track Chili,18,4.93,0.95,1.17,2.39,4.33,quiet,0,0.17,0.74,0.04,0.02,0.00,Great for catching up,lunch
Koi Brewery,17,0.87,3.17,2.33,1.42,2.97,moderate,0,0.92,0.04,0.02,0.01,0.01,Great for couples,live music
Tacorea Green Sports Bar,20,1.68,4.69,3.21,0.76,2.83,do not recall,0,0.81,0.17,0.02,0.00,0.00,Great night scene,lunch
Royal Pizza Sports Bar,5,2.33,1.17,1.89,4.75,4.91,quiet,0,0.97,0.01,0.00,0.02,0.00,Great for singles,dinner
Lazy Lim Lounge,11,2.01,3.71,3.00,4.84,4.56,do not recall,0,0.07,0.33,0.29,0.02,0.05,Great for brunch,drinks
Thai Indian And Grill,13,2.29,0.92,3.20,1.00,1.31,moderate,0,0.83,0.15,0.00,0.01,0.01,Great night scene,lunch
Olive Lounge,8,2.77,3.59,1.97,0.10,4.84,energetic,0,0.91,0.01,0.00,0.06,0.02,Great for catching up,live music
Koi Green Brewery,8,0.81,1.95,0.93,1.69,4.29,energetic,0,0.38,0.03,0.36,0.15,0.06,Great night scene,drinks
The Old Farm Eatery,20,3.69,3.39,2.50,1.02,4.60,moderate,0,0.19,0.24,0.29,0.25,0.02,Great night scene,live music
Koi Pizza House,13,2.88,3.30,0.27,4.64,3.53,do not recall,0,0.71,0.06,0.08,0.04,0.06,Great for singles,dinner
Cafe Basil Chili,17,1.07,1.50,1.93,0.61,3.88,quiet,0,0.02,0.69,0.15,0.13,0.01,Great for singles,brunch
The Sports Bar,1,0.55,0.53,2.93,0.31,0.92,moderate,0,0.75,0.03,0.08,0.04,0.08,Great for catching up,brunch
New Plate Bell,6,2.93,3.10,0.07,1.55,3.43,quiet,0,0.56,0.38,0.05,0.01,0.00,Great for brunch,brunch
Italian Basil BBQ,11,0.53,2.32,0.09,0.19,2.69,quiet,0,0.60,0.22,0.17,0.00,0.00,Great for singles,breakfast
Great Pizza BBQ,4,3.69,4.74,1.38,1.17,0.60,energetic,0,0.36,0.05,0.09,0.17,0.04,Great for catching up,drinks
French Farm Marketplace And Deli,23,3.56,3.62,1.14,3.03,0.87,do not recall,0,0.40,0.04,0.53,0.01,0.00,Great for families,breakfast
Royal Mare Steak House,2,0.31,1.84,4.05,3.82,2.46,energetic,0,0.66,0.01,0.28,0.03,0.01,Great for families,drinks
New Indian Club,2,2.80,0.77,3.56,4.69,2.08,moderate,0,0.13,0.41,0.36,0.03,0.07,Great night scene,breakfast
Chili,22,1.24,3.67,0.37,1.05,2.02,energetic,0,0.63,0.01,0.06,0.21,0.06,Great night scene,dinner
Sweet And Grill,21,4.17,0.03,1.52,2.26,3.86,do not recall,0,0.40,0.31,0.14,0.06,0.02,Great night scene,brunch
Pho Cafe,17,1.39,0.32,2.26,3.52,3.66,do not recall,0,0.89,0.08,0.01,0.01,0.01,Great for brunch,live music
Pier Panda,19,2.78,0.72,3.17,1.93,3.24,do not recall,0,0.47,0.36,0.11,0.01,0.01,Great for couples,lunch
The Fine Bakery,3,4.35,2.38,2.77,3.08,1.62,quiet,0,0.84,0.07,0.09,0.00,0.00,Great for singles,brunch
Eat Noodle Club,15,3.51,0.95,1.74,0.57,1.27,do not recall,0,0.80,0.09,0.03,0.02,0.06,Great for brunch,drinks
Mexican Bento House,14,1.61,3.48,2.62,5.00,1.51,energetic,0,0.97,0.02,0.00,0.01,0.00,Great for brunch,drinks
The Old Eatery,1,1.52,3.60,3.47,3.68,3.61,energetic,0,0.29,0.25,0.27,0.01,0.00,Great for couples,breakfast
Great Marketplace And Deli,1,1.75,1.84,4.92,4.99,4.75,quiet,0,0.23,0.33,0.20,0.20,0.03,Great for singles,brunch
Cafe Pizza Brewery,8,2.68,0.68,3.09,3.02,3.20,quiet,0,0.45,0.34,0.16,0.03,0.00,Great for brunch,brunch
Clairs Olive Club,8,4.12,1.76,2.49,0.58,3.74,energetic,0,0.12,0.70,0.05,0.06,0.02,Great for catching up,brunch
Gava Plate Club,7,4.51,1.57,0.15,4.80,3.00,energetic,0,0.12,0.80,0.04,0.04,0.00,Great for brunch,drinks
Burger House,15,4.92,4.76,2.99,2.07,3.72,moderate,0,0.36,0.11,0.32,0.04,0.07,Great for singles,dinner
Royal Italian Pub,11,1.06,1.53,2.05,3.37,2.22,do not recall,0,0.61,0.30,0.07,0.01,0.00,Great for brunch,breakfast
Wood Indian Sports Bar,12,0.46,1.92,0.60,3.20,3.84,energetic,0,0.87,0.10,0.01,0.01,0.00,Great for catching up,breakfast
New Green Lounge,14,3.84,0.57,1.94,1.36,4.19,moderate,0,0.20,0.35,0.41,0.01,0.00,Great for couples,brunch
Thai Italian And Grill,21,4.92,0.60,4.97,0.47,3.74,moderate,0,0.76,0.16,0.05,0.01,0.02,Great for couples,dinner
Zuni Green Light,3,0.77,0.01,2.02,1.49,1.53,quiet,0,0.20,0.26,0.44,0.10,0.00,Great night scene,dinner
Koi Fire Brewery,7,0.14,4.35,2.60,4.93,1.96,quiet,0,0.12,0.22,0.42,0.15,0.03,Great for couples,live music
Del Fire Steak House,22,0.04,3.79,3.36,4.27,2.02,energetic,0,0.33,0.66,0.00,0.00,0.00,Great for families,brunch
Foreign Track Kitchen,5,0.30,1.22,0.20,2.91,0.48,do not recall,0,0.63,0.25,0.02,0.02,0.07,Great for brunch,drinks
Moonlight Mare Eatery,6,4.77,3.23,1.48,1.82,3.11,do not recall,0,0.47,0.22,0.22,0.01,0.01,Great night scene,brunch
Moonlight Olive Cafe,13,2.83,4.48,0.60,1.30,3.10,do not recall,0,0.52,0.08,0.30,0.04,0.05,Great for brunch,lunch
Teriyaki King Eatery,2,1.73,1.97,2.80,0.92,2.48,moderate,0,0.82,0.13,0.03,0.02,0.00,Great for families,lunch
Mexican Lim Steak House,18,3.28,0.82,3.35,3.20,3.18,quiet,0,0.05,0.78,0.16,0.00,0.00,Great night scene,breakfast
New Marketplace And Deli,5,0.05,3.82,2.15,3.59,1.23,do not recall,0,0.44,0.16,0.38,0.01,0.00,Great for catching up,lunch
Original Cafe Lounge,19,2.49,2.77,0.29,1.46,1.45,do not recall,0,0.42,0.23,0.00,0.17,0.07,Great for singles,dinner
Burger Basil Sports Bar,10,0.88,2.85,3.61,2.20,4.01,do not recall,0,0.78,0.14,0.00,0.06,0.01,Great for families,drinks
Thai Pizza Sports Bar,13,3.96,2.40,2.16,4.20,1.78,energetic,0,0.32,0.29,0.04,0.24,0.03,Great for couples,drinks
Clairs Basil Bell,16,0.19,4.24,1.65,3.47,1.31,energetic,0,0.60,0.36,0.02,0.01,0.00,Great for singles,brunch
The Old Farm Chili,11,1.78,0.23,4.21,3.51,0.35,energetic,0,0.18,0.07,0.33,0.39,0.02,Great for catching up,drinks
Bob's Chili,19,4.52,4.31,1.41,1.67,4.89,do not recall,0,0.94,0.05,0.00,0.00,0.01,Great for couples,lunch
Burger Cafe,24,3.52,1.24,4.06,1.42,2.17,quiet,0,0.62,0.02,0.26,0.03,0.05,Great for couples,drinks
The Fire Garden,25,0.02,4.31,0.66,2.72,0.80,energetic,0,1.00,0.00,0.00,0.00,0.00,Great night scene,brunch
Gava Lemon And SeaFood,21,3.73,1.47,3.18,0.39,0.13,do not recall,0,0.28,0.25,0.11,0.30,0.05,Great for singles,drinks
Gava Chinnese,10,0.32,1.08,3.97,3.99,3.87,quiet,0,0.02,0.64,0.18,0.12,0.00,Great night scene,drinks
Sweet Light,8,1.74,0.82,3.52,1.72,3.54,energetic,0,0.25,0.47,0.10,0.08,0.07,Great night scene,dinner
La Brewery,25,3.55,4.97,1.08,2.59,1.70,do not recall,0,0.81,0.03,0.15,0.01,0.00,Great for brunch,brunch
Royal Italian Pub,14,3.71,2.08,1.63,4.33,4.65,energetic,0,0.70,0.17,0.08,0.00,0.02,Great for catching up,dinner
Pho Green And Grill,24,0.81,4.97,1.19,4.73,2.50,quiet,0,0.11,0.41,0.44,0.01,0.02,Great night scene,live music
The Food And Grill,24,2.20,1.54,4.24,0.71,0.33,energetic,0,0.17,0.66,0.02,0.06,0.07,Great for catching up,live music
Moonlight Olive Brewery,20,2.01,0.55,2.59,0.29,2.57,quiet,0,0.27,0.36,0.32,0.02,0.03,Great for catching up,dinner
Soul Fine Bell,6,2.72,4.90,4.06,2.60,4.42,do not recall,0,0.45,0.43,0.10,0.01,0.00,Great for singles,dinner
